"Crystal Palace Bowmen 2016<br/>Record Status and Rose Award Tournament","17/04/2016","The Old Dunstonian's Sports Club, St Dunstan's Lane, Beckenham, Kent, BR3 3SS",
"AGB NUMBER",FORENAME,SURNAME,GENDER,BOWSTYLE,"AGE GROUP",SCORE,"HITs","GOLDs",ROUND,
1033379,Mandy,Linn,W,Longbow,,0,0,0,Hereford / Bristol 1,
2019819,Karen,Homewood,W,Longbow,,0,0,0,Hereford / Bristol 1,
1054131,Irene,Crouch,W,Longbow,,0,0,0,Hereford / Bristol 1,
2056542,Andrew,Graham,M,Longbow,,0,0,0,Hereford / Bristol 1,
1033380,Linda,Palmer,W,Compound,,0,0,0,Hereford / Bristol 1,
992102,Petra,Ginman,W,Recurve,,0,0,0,Hereford / Bristol 1,
2063859,Victoria,Fox,W,Recurve,,0,0,0,Hereford / Bristol 1,
2057410,Ben,Babbs,M,Compound,U18,0,0,0,Hereford / Bristol 1,
,Rachel,Boynton,W,Compound,,0,0,0,Hereford / Bristol 1,
2053469,Julian,Tucker,M,Recurve,,0,0,0,Hereford / Bristol 1,
1055788,Linda,Skeet,W,Bare Bow,,0,0,0,Hereford / Bristol 1,
,Stuart,Barber,M,Compound,,0,0,0,York,
2067786,Jose,Bolou,M,Recurve,,0,0,0,York,
2063179,Diane,Pople,W,Bare Bow,,0,0,0,York,
2055523,Malcolm,Evans,M,Compound,,0,0,0,York,
1044613,Ben,Green,M,Recurve,,0,0,0,York,
2064847,Shamsul,Hussain,M,Recurve,,0,0,0,York,
1055159,Roy,Stanley,M,Bare Bow,,0,0,0,York,
854468,Mike,Janicki,M,Compound,,0,0,0,York,
2064164,John,Tatnell,M,Bare Bow,,0,0,0,York,
2059699,Richard,Parker,M,Recurve,,0,0,0,York,
2078852,Andrew,Labuschagne,M,Compound,,0,0,0,York,
2050089,Stuart,Evans,M,Recurve,,0,0,0,York,
2095100,Errol,Barnett,M,Recurve,,0,0,0,York,
1033892,Martin,Creasey,M,Compound,,0,0,0,York,
2027752,Jacek,Pedziawtr,M,Recurve,,0,0,0,York,
111804,Iain,Cadle,M,Bare Bow,,0,0,0,York,
2042807,Stephanie,Davies,W,Bare Bow,,0,0,0,York,
953605,Phil,Adams,M,Compound,,0,0,0,York,
2050349,Jamie,Vos,M,Recurve,,0,0,0,York,
2087978,Spider,Coles,M,Bare Bow,,0,0,0,York,
2063860,Mike,Fox,M,Bare Bow,,0,0,0,York,
2057403,Mark,Babbs,M,Compound,,0,0,0,York,
2067785,Carlos,Bolou,M,Recurve,,0,0,0,York,
2040243,Jose,Goncalves,M,Recurve,,0,0,0,York,
2060610,Martin,Shadbolt,M,Bare Bow,,0,0,0,York,
1025342,Steve,Purkiss,M,Longbow,,0,0,0,York,
2021032,David,Hardy,M,Longbow,,0,0,0,York,
986392,Alfie,Kershaw,M,Longbow,,0,0,0,York,
965292,Phil,Reay,M,Longbow,,0,0,0,York,
2108301,Rene,Labuschagne,W,Compound,,0,0,0,Bristol 2,
2073452,Ollie,Gordon-Brown,M,Recurve,U16,0,0,0,Bristol 2,
1064477,James,Woodgate,M,Recurve,U14,0,0,0,Bristol 2,
1044589,Jodie,Green,W,Recurve,U18,0,0,0,Bristol 2,
2101839,Paul,Simspon,M,Recurve,,0,0,0,Bristol 2,
2021334,Sophie,Castle,W,Recurve,U16,0,0,0,Bristol 3,
1055887,Natasher,Crouch,W,Recurve,U16,0,0,0,Bristol 3,
2101838,Grace,Simpson,W,Recurve,U14,0,0,0,Bristol 3,
2101408,Alfie,Cambridge,M,Recurve,,0,0,0,Bristol 3,
2093919,Tori,Gordon-Brown,W,Recurve,U14,0,0,0,Bristol 4,
2022561,Louisa,Piper,W,Recurve,U14,0,0,0,Bristol 4,
2049437,Caitlin,Stanley,W,Recurve,U14,0,0,0,Bristol 4,
2087375,Shaimaa,Colaiacovo Abdelhalim,W,Recurve,U14,0,0,0,Bristol 4,
2050807,Eleanor,Everington,W,Longbow,U12,0,0,0,Bristol 5,
2087376,Amina,Colaiacovo Abdelhalim,W,Bare Bow,U12,0,0,0,Bristol 5,
2109371,Jack,Stanley,M,Recurve,U12,0,0,0,Bristol 5,
