VER:,2,
HEADER:,"Test Competition 2015"
VENUE:,"Test Location"
TO:,"Tournament Organizer"
DATE:,"01/09/2015"
TIME:,"09:45am"
JUDGES:,"TBA"
PARAMOUNT:,"TBA"
PATRON:,""
WEATHER:,""
TARGETS:,20
OPTIONS:,Medals Junior Round 
ARCHERS:,
TARGET,FORENAME,SURNAME,CLUB,TEAM,BOW,GENDER,DATEOFBIRTH,ROUND,HANDICAP,TOTAL,TIEBREAK1,TIEBREAK2,STATE,ARROWCNT,ARROWS,CLASS,AGB,NOTES,
01A,Liam,Patel,CPB,D,Longbow,M,,York,56.0,31,11,0,Inuse,24,AAAAAADDBAAAHFBAAAFDBBBA,,124611,,
01B,Noah,Wilson,CPB,E,Longbow,M,,York,51.0,50,14,1,Inuse,24,FFDAAADDBAAAHFBBAAJDDBAA,,124624,,
01C,Jacob,Young,CPB,C,Bare Bow,M,,York,38.0,133,21,4,Inuse,24,JJHFFFJHHFAAJHFFFAHHFFFF,,124603,,
01D,Mason,Jones,CPB,D,Bare Bow,M,,York,45.0,88,22,1,Inuse,24,FDBBAAHFDDDBJHFDDBHHHFBB,,124618,,
02A,Ethan,James,CPB,B,Compound,M,U18,York,50.0,31,11,0,Inuse,24,AAAAAADDBAAAHFBAAAFDBBBA,,124594,,
02B,Benjamin,Walker,CPB,A,Recurve,M,,York,31.0,152,24,6,Inuse,24,JJHHFFJHFDDDJJJFFFHHHHFF,,124579,,
02C,James,Morris,CPB,C,Recurve,M,,York,46.0,88,20,1,Inuse,24,HHFFDBHFDBBAJHFDBAFFFDAA,,124604,,
02D,William,Thompson,CPB,E,Bare Bow,M,,York,40.0,118,24,0,Inuse,24,HHFFDDHHHDDBHHFFFBHFFFFD,,124632,,
03A,Michael,Brown,CPB,E,Compound,M,,York,48.0,88,20,1,Inuse,24,HHFFDBHFDBBAJHFDBAFFFDAA,,124621,,
03B,Daniel,Wright,CPB,B,Recurve,M,,York,37.0,133,21,4,Inuse,24,JJHFFFJHHFAAJHFFFAHHFFFF,,124586,,
03C,Jayden,Hall,CPB,C,Recurve,M,,York,48.0,71,21,0,Inuse,24,FFDDBADDDBAAHFDDBBFFFDDD,,124605,,
03D,,,,,,M,,York,100.0,0,0,0,Free,0,,,,,
04A,Aiden,Taylor,CPB,A,Recurve,M,,York,44.0,88,20,1,Inuse,24,HHFFDBHFDBBAJHFDBAFFFDAA,,124569,,
04B,Alexander,Williams,CPB,A,Recurve,M,,York,50.0,71,21,0,Inuse,24,FFDDBADDDBAAHFDDBBFFFDDD,,124570,,
04C,Elijah,Cooper,CPB,B,Recurve,M,,York,33.0,152,24,6,Inuse,24,JJHHFDJHHHFDHHHHDBJJJFFF,,124589,,
04D,Matthew,Taylor,CPB,D,Recurve,M,,York,39.0,133,23,2,Inuse,24,HHHHHFJHFFDDJHHFDAHHFFDD,,124619,,
05A,Emma,Clarke,CPB,5,Longbow,W,,Hereford / Bristol 1,52.0,87,23,1,Inuse,24,HHFDBAHHHDDBJHFBBBDDDBBB,,124593,,
05B,Harper,Moore,CPB,6,Longbow,W,,Hereford / Bristol 1,45.0,125,23,2,Inuse,24,HHHFFDJHFFDDHHFFDDJHHFBA,,124599,,
05C,Jackson,Scott,CPB,7,Longbow,M,U18,Hereford / Bristol 1,42.0,133,23,2,Inuse,24,HHHHHFJHFFDDJHHFDAHHFFDD,,124602,,
05D,Sophia,Robinson,CPB,2,Longbow,W,,Hereford / Bristol 1,41.0,152,24,6,Inuse,24,JJHHFFJHFDDDJJJFFFHHHHFF,,124630,,
06A,Joshua,Carter,CPB,7,Compound,M,U18,Hereford / Bristol 1,46.0,113,23,3,Inuse,24,HHHFFDHFFFDBJHDDDBJJFDBA,,124608,,
06B,Charlotte,White,CPB,3,Recurve,W,,Hereford / Bristol 1,42.0,135,23,0,Inuse,24,HHHHFDHHHHFFHHHHFAHHHFBB,,124583,,
06C,Samuel,Lewis,CPB,9,Recurve,M,U18,Hereford / Bristol 1,62.0,31,11,0,Inuse,24,AAAAAADDBAAAHFBAAAFDBBBA,,124628,,
06D,,,,,,M,,Hereford / Bristol 1,100.0,0,0,0,Free,0,,,,,
07A,Emily,Martin,CPB,5,Compound,W,,Hereford / Bristol 1,44.0,127,23,4,Inuse,24,HHFDDBJFFDBAJJHHFFJHHHDD,,124592,,
07B,Chloe,Watson,CPB,4,Recurve,W,,Hereford / Bristol 1,51.0,88,22,1,Inuse,24,FDBBAAHFDDDBJHFDDBHHHFBB,,124584,,
07C,Sofia,Walker,CPB,9,Recurve,W,,Hereford / Bristol 1,39.0,154,24,8,Inuse,24,JJHHFDJJJHFDJHHHDBJJHHDD,,124629,,
07D,,,,,,M,,Hereford / Bristol 1,100.0,0,0,0,Free,0,,,,,
08A,Mia,Williams,CPB,,Compound,W,,Hereford / Bristol 1,43.0,68,10,3,Retired,12,JJHFFFJHHFAA,,124620,,
08B,David,Green,CPB,4,Recurve,M,,Hereford / Bristol 1,50.0,88,20,1,Inuse,24,HHFFDBHFDBBAJHFDBAFFFDAA,,124587,,
08C,Madison,Smith,CPB,8,Recurve,W,,Hereford / Bristol 1,44.0,135,23,0,Inuse,24,HHHHFDHHHHFFHHHHFAHHHFBB,,124617,,
08D,,,,,,M,,Hereford / Bristol 1,100.0,0,0,0,Free,0,,,,,
09A,Joseph,Turner,CPB,7,Compound,M,U18,Hereford / Bristol 1,57.0,50,14,1,Inuse,24,FFDAAADDBAAAHFBBAAJDDBAA,,124607,,
09B,Elizabeth,King,CPB,4,Recurve,W,,Hereford / Bristol 1,58.0,50,14,1,Inuse,24,FFDAAADDBAAAHFBBAAJDDBAA,,124590,,
09C,Amelia,Davies,CPB,1,Bare Bow,W,,Hereford / Bristol 1,59.0,50,14,1,Inuse,24,FFDAAADDBAAAHFBBAAJDDBAA,,124572,,
09D,Olivia,Thomas,CPB,9,Bare Bow,W,,Hereford / Bristol 1,45.0,113,23,3,Inuse,24,HHHFFDHFFFDBJHDDDBJJFDBA,,124625,,
10A,Addison,Jones,CPB,1,Recurve,W,,Hereford / Bristol 1,44.0,133,21,4,Inuse,24,JJHFFFJHHFAAJHFFFAHHFFFF,,124568,,
10B,Aubrey,Thomas,CPB,,Recurve,W,,Hereford / Bristol 1,50.0,0,0,0,DNS,0,,,124575,,
10C,Ella,Lee,CPB,5,Recurve,W,,Hereford / Bristol 1,47.0,113,23,3,Inuse,24,HHHFFDHFFFDBJHDDDBJJFDBA,,124591,,
10D,Isabella,Harrison,CPB,6,Bare Bow,W,,Hereford / Bristol 1,49.0,88,22,1,Inuse,24,FDBBAAHFDDDBJHFDDBHHHFBB,,124601,,
11A,Abigail,Smith,CPB,1,Recurve,W,,Hereford / Bristol 1,43.0,133,23,2,Inuse,24,HHHHHFJHFFDDJHHFDAHHFFDD,,124567,,
11B,Anthony,Wilson,CPB,2,Recurve,M,,Hereford / Bristol 1,45.0,127,23,4,Inuse,24,HHFDDBJFFDBAJJHHFFJHHHDD,,124574,,
11C,Gabriel,Hughes,CPB,6,Recurve,M,U18,Hereford / Bristol 1,42.0,152,24,6,Inuse,24,JJHHFFJHFDDDJJJFFFHHHHFF,,124596,,
11D,Ava,Johnson,CPB,3,Bare Bow,W,,Hereford / Bristol 1,64.0,31,11,0,Inuse,24,AAAAAADDBAAAHFBAAAFDBBBA,,124577,,
12A,Andrew,Evans,CPB,2,Recurve,M,U18,Hereford / Bristol 1,48.0,113,23,3,Inuse,24,HHHFFDHFFFDBJHDDDBJJFDBA,,124573,,
12B,Avery,Lewis,CPB,3,Recurve,W,U18,Hereford / Bristol 1,38.0,154,24,8,Inuse,24,JJHHFDJJJHFDJHHHDBJJHHDD,,124578,,
12C,Lucas,Allen,CPB,8,Recurve,M,U18,Hereford / Bristol 1,44.0,118,24,0,Inuse,24,HHFFDDHHHDDBHHFFFBHFFFFD,,124615,,
12D,Logan,Anderson,CPB,8,Bare Bow,M,,Hereford / Bristol 1,40.0,142,24,4,Inuse,24,JHFFFFHHHFFDJHFFFDJJHFFD,,124614,,
13A,Natalie,Davies,CPB,R,Compound,W,U18,Bristol 2,65.0,71,21,0,Inuse,24,FFDDBADDDBAAHFDDBBFFFDDD,,124622,,
13B,Grace,Edwards,CPB,Q,Recurve,W,U18,Bristol 2,49.0,142,24,4,Inuse,24,JHFFFFHHHFFDJHFFFDJJHFFD,,124597,,
13C,John,Ward,CPB,R,Recurve,M,U16,Bristol 2,51.0,152,24,6,Inuse,24,JJHHFDJHHHFDHHHHDBJJJFFF,,124606,,
13D,Zoey,Watson,CPB,,Recurve,W,U16,Bristol 2,50.0,135,23,0,Inuse,24,HHHHFDHHHHFFHHHHFAHHHFBB,Â,1234566,,
14A,Evelyn,Morgan,CPB,P,Compound,W,U18,Bristol 2,45.0,154,24,8,Inuse,24,JJHHFDJJJHFDJHHHDBJJHHDD,,124595,,
14B,Hannah,Hill,CPB,Q,Recurve,W,,Bristol 2,58.0,118,24,0,Inuse,24,HHFFDDHHHDDBHHFFFBHFFFFD,,124598,,
14C,Lillian,Adams,CPB,R,Recurve,W,U18,Bristol 2,46.0,154,24,8,Inuse,24,JJHHFDJJJHFDJHHHDBJJHHDD,,124612,,
14D,,,,,,M,,Bristol 2,100.0,0,0,0,Free,0,,,,,
15A,Christopher,Jackson,CPB,P,Recurve,M,U16,Bristol 2,51.0,133,23,2,Inuse,24,HHHHHFJHFFDDJHHFDAHHFFDD,,124585,,
15B,Dylan,Harris,CPB,P,Recurve,M,U16,Bristol 2,64.0,71,21,0,Inuse,24,FFDDBADDDBAAHFDDBBFFFDDD,,124588,,
15C,Isaac,Clark,CPB,Q,Recurve,M,U16,Bristol 2,51.0,135,23,0,Inuse,24,HHHHFDHHHHFFHHHHFAHHHFBB,,124600,,
15D,Victoria,Wood,CPB,,Recurve,W,U16,Bristol 2,48.0,142,24,4,Inuse,24,JHFFFFHHHFFDJHFFFDJJHFFD,,124631,,
16A,Lily,Campbell,CPB,,Recurve,W,U16,Bristol 3,51.0,152,24,6,Inuse,24,JJHHFFJHFDDDJJJFFFHHHHFF,,124613,,
16B,Ryan,Roberts,CPB,,Recurve,M,U14,Bristol 3,60.0,127,23,4,Inuse,24,HHFDDBJFFDBAJJHHFFJHHHDD,,124626,,
16C,,,,,,M,,Bristol 3,100.0,0,0,0,Free,0,,,,,
16D,,,,,,M,,Bristol 3,100.0,0,0,0,Free,0,,,,,
17A,Brooklyn,Robinson,CPB,H,Recurve,W,U14,Bristol 4,61.0,142,24,4,Inuse,24,JHFFFFHHHFFDJHFFFDJJHFFD,,124580,,
17B,Carter,Thompson,CPB,H,Recurve,M,U14,Bristol 4,64.0,125,23,2,Inuse,24,HHHFFDJHFFDDHHFFDDJHHFBA,,124582,,
17C,Luke,Cook,CPB,J,Recurve,M,U12,Bristol 4,63.0,125,23,2,Inuse,24,HHHFFDJHFFDDHHFFDDJHHFBA,,124616,,
17D,Samantha,Johnson,CPB,,Recurve,W,U14,Bristol 4,70.0,87,23,1,Inuse,24,HHFDBAHHHDDBJHFBBBDDDBBB,,124627,,
18A,Caleb,Wood,CPB,H,Recurve,M,U12,Bristol 4,68.0,118,24,0,Inuse,24,HHFFDDHHHDDBHHFFFBHFFFFD,,124581,,
18B,Layla,Phillips,CPB,J,Recurve,W,U14,Bristol 4,64.0,127,23,4,Inuse,24,HHFDDBJFFDBAJJHHFFJHHHDD,,124609,,
18C,Nathan,Evans,CPB,J,Recurve,M,U12,Bristol 4,58.0,152,24,6,Inuse,24,JJHHFDJHHHFDHHHHDBJJJFFF,,124623,,
18D,Zoe,White,CPB,,Recurve,W,U14,Bristol 4,65.0,125,23,2,Inuse,24,HHHFFDJHFFDDHHFFDDJHHFBA,,124633,,
19A,Allison,Brown,CPB,,Recurve,W,U12,Bristol 5,67.0,152,24,6,Inuse,24,JJHHFDJHHHFDHHHHDBJJJFFF,,124571,,
19B,Audrey,Roberts,CPB,,Recurve,W,U12,Bristol 5,80.0,87,23,1,Inuse,24,HHFDBAHHHDDBJHFBBBDDDBBB,,124576,,
19C,Leah,Mitchell,CPB,,Recurve,W,U12,Bristol 5,79.0,87,23,1,Inuse,24,HHFDBAHHHDDBJHFBBBDDDBBB,,124610,,
19D,,,,,,M,,Bristol 5,100.0,0,0,0,Free,0,,,,,
20A,,,,,,M,,NotSet,100.0,0,0,0,Free,0,,,,,
20B,,,,,,M,,NotSet,100.0,0,0,0,Free,0,,,,,
20C,,,,,,M,,NotSet,100.0,0,0,0,Free,0,,,,,
20D,,,,,,M,,NotSet,100.0,0,0,0,Free,0,,,,,
